"make","model","year"
"Honda","PS 125i Sporty",2008
"Kawasaki","KX125",2009
"Kawasaki","ZZR 600",2009
"Suzuki","Boulevard C50T",2009
"Suzuki","GSX 1400 Special Edition",2008
"Suzuki","GSF1250S Bandit ABS",2009
"Honda","SH 150i Sport",2008
"Kawasaki","1400 GTR",2008
"Kawasaki","Ninja 650R",2008
"Honda","Zoomer",2008
"Suzuki","V-Strom 650X",2009
"Kawasaki","KLX 140",2009
"Suzuki","Intruder M800Z",2009
"Ducati","Streetfighter S",2009
"Suzuki","Boulevard C109R",2009
"Kawasaki","Ninja ZX-6R Monster Energy",2009
"Ducati","Superbike 1098 R",2008
"Suzuki","Boulevard C90 Black",2008
"Suzuki","GSF1250S Bandit",2009
"Ducati","Multistrada 1100",2009
"Honda","Interceptor",2009
"Honda","CBF600S",2009
"Suzuki","Boulevard S50",2009
"Kawasaki","KX450F",2009
"Ducati","Superbike 1198 S",2009
"Kawasaki","Vulcan 1600 Nomad",2009
"Kawasaki","Concours 14",2008
"Honda","NXR Bros",2008
"Kawasaki","Vulcan 1700 Classic LT",2009
"Suzuki","QuadRacer R450 Limited Edition",2009
"Suzuki","GS500F",2008
"Suzuki","RM-Z250",2008
"Suzuki","QuadSport Z400 Limited",2009
"Kawasaki","Ninja ZX-6R",2008
"Suzuki","DR650SE",2009
"Honda","CRF 230 F",2008
"Ducati","Superbike 1098 S",2008
"Suzuki","GSR 400 ABS",2008
"Honda","Varadero 125",2009
"Kawasaki","Vulcan 2000 Classic",2009
"Suzuki","KingQuad 450AXi",2009
"Ducati","Multistrada 1100 S",2008
"Honda","XR 650 L",2008
"Kawasaki","KLX300R",2008
"Kawasaki","Ninja ZX-10R",2008
"Suzuki","V-Strom 1000",2008
"Honda","CRF70F",2009
"Honda","CB 1300",2008
"Honda","VT750DC Shadow Spirit",2009
"Honda","Gold Wing Audio Comfort Navi",2008
"Honda","CRF 80 F",2008
"Suzuki","Burgman 650AZ",2009
"Honda","VFR 800 Interceptor ABS",2008
"Kawasaki","Vulcan 1600 Classic",2008
"Kawasaki","ER-6n",2008
"Ducati","Monster S4R S Tricolore",2008
"Honda","CRF230M",2009
"Kawasaki","Vulcan 500 LTD",2009
"Ducati","Desmosedici RR",2008
"Honda","CRF 450 R",2008
"Honda","Gold Wing Airbag",2008
"Ducati","Monster S2R 1000",2008
"Suzuki","SV650SF ABS",2008
"Ducati","Monster 695",2008
"Suzuki","SV650SF",2009
"Kawasaki","ZZR1400",2008
"Suzuki","Burgman 650 Exec",2009
"Honda","CB600F Hornet",2009
"Honda","Shadow Aero",2008
"Honda","Forza X",2008
"Suzuki","Intruder M800",2009
"Kawasaki","KLX140L",2009
"Honda","CRF450R",2009
"Honda","S-Wing 150",2009
"Kawasaki","Vulcan 1600 Mean Streak",2009
"Suzuki","DR200SE",2009
"Suzuki","KingQuad 750AXi Limited",2009
"Suzuki","Burgman 650",2009
"Suzuki","DR-Z400SM",2009
"Honda","VTX 1800 Style N",2008
"Suzuki","GSX-R1000 Cameron Donald",2009
"Kawasaki","Versys",2009
"Honda","XL125V Varadero",2008
"Suzuki","GSX 1400",2008
"Kawasaki","Concours 14 / 1400 GTR",2008
"Honda","CRF150R",2009
"Kawasaki","KLX140L Monster Energy",2009
"Honda","CB1000R",2009
"Kawasaki","ER-6f",2009
"Kawasaki","KLR250S",2008
"Suzuki","Intruder C800",2009
"Honda","CRF450F",2009
"Suzuki","GSX-R1000",2008
"Ducati","Multistrada 1100S",2009
"Honda","CRF 150 R",2008
"Suzuki","VanVan 125",2009
"Suzuki","QuadSport Z400",2009
"Honda","S-WING 150",2008
"Suzuki","Boulevard M109R",2009
"Suzuki","Boulevard M109R Limited Edition",2008
"Honda","SilverWing 400",2008
"Kawasaki","KX100",2009
"Honda","TRX450R Elec Start",2009
"Honda","CBR 600 RR",2008
"Kawasaki","KX100",2008
"Suzuki","GZ250",2009
"Suzuki","Adress 125",2009
"Honda","Elite 125",2008
"Suzuki","Intruder M1800R2",2009
"Honda","PS125i",2009
"Suzuki","GZ250",2008
"Suzuki","B-King",2008
"Suzuki","KingQuad 400FS",2009
"Kawasaki","KLV 1000",2008
"Honda","CBR1000RR Fireblade",2009
"Ducati","Superbike 1198",2009
"Honda","Silver Wing ABS",2009
"Ducati","SportClassic 1000 S",2008
"Honda","CRF230L",2009
"Suzuki","V-Strom 650",2009
"Suzuki","V-Strom 650",2008
"Honda","VT750C Shadow",2009
"Honda","Silver Wing ABS",2008
"Honda","SH300i",2009
"Kawasaki","Eliminator 125",2009
"Kawasaki","KX65",2009
"Kawasaki","KX65",2008
"Kawasaki","Eliminator 125",2008
"Suzuki","Boulevard C50",2009
"Honda","CB250 Nighthawk",2008
"Honda","TRX90X",2009
"Suzuki","Boulevard C50",2008
"Suzuki","KingQuad 750AXi Camo",2009
"Kawasaki","Brute Force 650 4x4i",2009
"Suzuki","Intruder C1800RT",2009
"Honda","SH150i",2009
"Ducati","Superbike 1098R Bayliss LE",2009
"Ducati","Monster 1100",2009
"Kawasaki","KX250F",2008
"Kawasaki","KX250F",2009
"Suzuki","Bandit 1250 ABS",2008
"Honda","CRF 450 X",2008
"Honda","CRF250F",2009
"Kawasaki","KX 450 F Monster Energy",2009
"Honda","CBR 1000 RR",2008
"Ducati","Monster 696",2008
"Ducati","Monster S4R S Testastretta",2008
"Ducati","Monster 696",2009
"Suzuki","KingQuad 750AXi Power Steering",2009
"Kawasaki","Vulcan 1500 Classic",2009
"Honda","CRF250R",2009
"Kawasaki","KX100 Monster Energy",2009
"Honda","ST 1300 ABS",2008
"Honda","CRF 70 F",2008
"Kawasaki","KX 65 Monster Energy",2009
"Kawasaki","Vulcan 1500 Classic",2008
"Honda","S-Wing 125",2009
"Honda","Lead",2009
"Honda","Gold Wing Audio/Comfort/Navi/XM",2009
"Suzuki","KingQuad 400AS Camo",2009
"Suzuki","GrassTracker BigBoy",2008
"Honda","Lead",2008
"Suzuki","GS500",2009
"Suzuki","V-Strom 650 ABS",2009
"Honda","CRF50F",2009
"Kawasaki","Vulcan 900 Classic LT",2009
"Suzuki","DR-Z125L",2008
"Suzuki","GSX-R600",2009
"Suzuki","RM-Z450",2008
"Honda","VTX1300R Retro",2008
"Honda","TRX420FA",2009
"Kawasaki","KLX140 Monster Energy",2009
"Kawasaki","KLX 250 S",2009
"Kawasaki","VN2000 Classic",2009
"Suzuki","RM-Z450",2009
"Suzuki","DR-Z125L",2009
"Honda","XL700V Transalp",2009
"Suzuki","GSX-R600",2008
"Kawasaki","Vulcan 900 Classic LT",2008
"Suzuki","KingQuad 400FS Camo",2009
"Suzuki","V-Strom 650 ABS",2008
"Suzuki","GSX1300R Hayabusa",2008
"Kawasaki","Vulcan 900 Custom",2008
"Kawasaki","KFX 50",2009
"Suzuki","GSX1300R Hayabusa",2009
"Ducati","Monster S4R Testastretta",2008
"Kawasaki","Vulcan 900 Custom",2009
"Suzuki","V-Strom 650A",2009
"Honda","FourTrax Rancher 4x4",2009
"Honda","CBF600",2009
"Suzuki","SFV650 Gladius",2009
"Honda","ST 1300",2008
"Suzuki","Boulevard S83",2008
"Suzuki","Boulevard S83",2009
"Honda","Gold Wing Audio/Comfort/Navi/XM/ABS",2009
"Honda","CBF125F",2009
"Suzuki","DR-Z70",2008
"Kawasaki","KVF 750 4x4",2009
"Honda","CBF 600",2008
"Honda","XL 700 V Transalp",2008
"Suzuki","DR-Z70",2009
"Kawasaki","Ninja 500R",2008
"Ducati","SportClassic Sport 1000 S",2009
"Honda","CB 1000 R",2008
"Suzuki","GS 50",2008
"Suzuki","Intruder 125",2009
"Honda","CBF 1000",2008
"Kawasaki","Ninja 500R",2009
"Kawasaki","KLR 650",2008
"Kawasaki","Prairie 360",2009
"Suzuki","Boulevard S40",2009
"Honda","TRX250X",2009
"Honda","ST1300 Pan European",2009
"Suzuki","Boulevard S40",2008
"Honda","CRF 250 R",2008
"Honda","Big Red",2009
"Suzuki","Burgman 400",2009
"Suzuki","SV650",2008
"Kawasaki","KFX 90",2009
"Ducati","Superbike 1098",2008
"Honda","SH 125i Sporty",2008
"Ducati","Superbike 848",2008
"Suzuki","VanVan",2008
"Suzuki","Intruder Classic 400",2008
"Suzuki","Burgman 400 ABS",2009
"Ducati","Superbike 848",2009
"Honda","CRF100F",2009
"Honda","CRF230F",2009
"Suzuki","Burgman 400",2008
"Suzuki","SV650",2009
"Kawasaki","Vulcan 900 Classic",2008
"Honda","CB 1300 S",2008
"Kawasaki","KLF300 4x4",2009
"Honda","CBR600RR",2009
"Honda","CRF450X",2009
"Honda","SH 300i Sporty",2008
"Kawasaki","Vulcan 900 Classic",2009
"Kawasaki","KLF250",2009
"Suzuki","B-King ABS",2008
"Honda","NT700V Deauville",2009
"Kawasaki","KX 250 F Monster Energy",2009
"Honda","NT700V Deauville",2008
"Honda","XR 250 Tornado",2008
"Kawasaki","KLX 450 R",2009
"Kawasaki","KX 85 Monster Energy",2009
"Suzuki","QuadSport Z50 Special Edition",2009
"Honda","Forza EX",2009
"Honda","Forza EX",2008
"Suzuki","GSR600",2009
"Suzuki","SV650 ABS",2008
"Suzuki","GSX650F",2009
"Kawasaki","Z750 ABS",2008
"Honda","CRF150R2",2009
"Honda","ANF125i Innova",2008
"Honda","ANF125i Innova",2009
"Suzuki","GSX650F",2008
"Ducati","SportClassic Sport 1000 Biposto",2008
"Honda","Shadow Spirit 750",2008
"Suzuki","Intruder M1800R",2009
"Suzuki","Boulevard C109RT",2008
"Kawasaki","KVF 360 4x4",2009
"Suzuki","Boulevard C109RT",2009
"Honda","Shadow Spirit 750",2009
"Kawasaki","VN1700 Classic",2009
"Kawasaki","VN900 Classic",2009
"Honda","TRX450R Kick Start",2009
"Honda","CRF 50 F",2008
"Kawasaki","KFX 700",2009
"Honda","CRF150F",2009
"Kawasaki","KLX 110 Monster Energy",2009
"Honda","Interceptor ABS",2009
"Kawasaki","Vulcan 1700 Classic",2009
"Honda","FourTrax Rincon GPScape",2009
"Honda","Metropolitan",2009
"Suzuki","GSX-R750",2009
"Honda","FourTrax Recon",2009
"Suzuki","GSX-R750",2008
"Suzuki","V-Strom 650GT",2009
"Honda","Metropolitan",2008
"Honda","VFR 800 Interceptor",2008
"Ducati","Hypermotard 1100 S",2008
"Honda","Silver Wing",2009
"Kawasaki","Vulcan 2000 Classic LT",2008
"Kawasaki","Vulcan 2000 Classic LT",2009
"Kawasaki","Vulcan 1700 Voyager",2009
"Kawasaki","Bayou 250",2009
"Honda","Silver Wing",2008
"Kawasaki","Brute Force 650 4x4",2009
"Suzuki","KingQuad 750AXi",2009
"Honda","DN-01",2008
"Honda","CRF 250 X",2008
"Honda","CRF80F",2009
"Honda","DN-01",2009
"Kawasaki","KLR650",2009
"Kawasaki","KX85",2009
"Kawasaki","Z750",2008
"Suzuki","Boulevard C90T",2008
"Suzuki","Boulevard C90",2009
"Suzuki","Bandit 1250",2008
"Suzuki","Boulevard M50",2009
"Suzuki","Boulevard M50",2008
"Suzuki","Boulevard C90",2008
"Honda","CBR600RR ABS",2009
"Honda","VTX1300T Touring",2008
"Kawasaki","KX85",2008
"Kawasaki","Z750",2009
"Suzuki","Boulevard C90T",2009
"Suzuki","RM85",2009
"Kawasaki","Brute Force 750 NRA Outdoors",2009
"Kawasaki","Z1000",2008
"Ducati","Hypermotard 1100",2008
"Kawasaki","Vulcan 2000",2009
"Honda","CBR 125R",2008
"Kawasaki","Ninja ZX-14",2008
"Kawasaki","Ninja ZX-14",2009
"Ducati","Hypermotard 1100",2009
"Kawasaki","Vulcan 2000",2008
"Kawasaki","Z1000",2009
"Suzuki","RM85",2008
"Honda","PS 150i Sport",2008
"Honda","CBF1000",2009
"Ducati","SportClassic GT 1000",2009
"Ducati","SportClassic GT 1000",2008
"Honda","PS150i",2009
"Honda","VFR800",2009
"Suzuki","KingQuad 750AXi Rockstar",2009
"Kawasaki","Vulcan 1700 Nomad",2009
"Honda","Ruckus",2008
"Suzuki","QuadSport Z90",2009
"Suzuki","QuadSport Z50",2009
"Honda","TRX700XX",2009
"Honda","CRF250X",2009
"Honda","CRF 150 F",2008
"Suzuki","GSX-R600 Bruce Anstey",2009
"Honda","Ruckus",2009
"Honda","VTX1300T",2009
"Kawasaki","KFX450R Monster Energy",2009
"Suzuki","Djebel 250XC",2008
"Kawasaki","Concours 14 ABS",2008
"Kawasaki","KLX110",2009
"Honda","XL1000V Varadero",2009
"Honda","Rebel",2009
"Suzuki","DR-Z125",2009
"Suzuki","DR-Z125",2008
"Honda","XL1000V Varadero",2008
"Honda","Rebel",2008
"Kawasaki","KLX110",2008
"Kawasaki","Concours 14 ABS",2009
"Suzuki","Boulevard 400",2008
"Suzuki","Burgman 125",2009
"Honda","Gold Wing Audio Comfort Navi ABS",2008
"Suzuki","KingQuad 450AXi 4x4 Camo",2009
"Kawasaki","VN1700 Classic Tourer",2009
"Honda","VTX1300R",2009
"Suzuki","Boulevard C50 Black",2008
"Kawasaki","KLX140",2008
"Kawasaki","Prairie 360 4x4",2009
"Suzuki","QuadSport Z90 Special Edition",2009
"Suzuki","Boulevard M109R2",2009
"Suzuki","DR-Z400S",2008
"Honda","CBR 600 RR HANNspree Ten Kate Replica",2008
"Suzuki","ST 250 Etype",2008
"Honda","TRX300X",2009
"Suzuki","RM85L",2008
"Suzuki","DR-Z400S",2009
"Suzuki","Boulevard M109R2",2008
"Suzuki","Impulse 400",2008
"Honda","CRF150F Expert",2009
"Kawasaki","KLF300",2009
"Suzuki","Bandit 650",2009
"Suzuki","DR-125SM",2009
"Ducati","Hypermotard 1100S",2009
"Honda","CB 600 F Hornet",2008
"Ducati","SportClassic GT1000 Touring",2009
"Kawasaki","Ninja 250R",2008
"Kawasaki","Ninja 250R",2009
"Suzuki","Boulevard C50T",2008
"Honda","VTX1300C Classic",2008
"Suzuki","QuadRacer R450",2009
"Ducati","Monster 1100S",2009
"Honda","VT 750 C Shadow",2008
"Suzuki","KingQuad 400AS",2009
"Honda","CRF 100 F",2008
"Honda","FourTrax Foreman 4x4",2009
"Honda","Gold Wing Premium Audio",2008
"Kawasaki","1400 GTR",2009
"Suzuki","Boulevard C50 Limited Edition",2008
"Suzuki","Burgman 200",2009
"Honda","Zoomer",2009
"Kawasaki","Ninja 650R",2009
"Honda","SW-T400",2009
"Suzuki","Boulevard C109R",2008
"Suzuki","GSR 400",2008
"Kawasaki","VN900 Custom",2009
"Kawasaki","KX450F",2008
"Suzuki","Boulevard S50",2008
"Honda","CBF600S",2008
"Ducati","Multistrada 1100",2008
"Kawasaki","Brute Force 650 4x4i Camo",2009
"Honda","Shadow Spirit 750 (VT750C2)",2008
"Kawasaki","Concours 14",2009
"Kawasaki","Vulcan 1600 Nomad",2008
"Kawasaki","KLX 250 SF",2009
"Suzuki","RM-Z250",2009
"Suzuki","GS500F",2009
"Kawasaki","Ninja ZX-6R",2009
"Kawasaki","KVF 650 4x4",2009
"Ducati","Superbike 1098R",2009
"Suzuki","TU250",2009
"Kawasaki","Vulcan 2000 Classic",2008
"Suzuki","DR650SE",2008
"Kawasaki","KVF 360",2009
"Suzuki","SV650 Sport",2009
"Kawasaki","Brute Force 750 4x4i Camo",2009
"Suzuki","V-Strom 1000",2009
"Kawasaki","Ninja ZX-10R",2009
"Kawasaki","ZZR1400 ABS",2009
"Suzuki","Boulevard M90",2009
"Honda","FourTrax Rancher",2009
"Kawasaki","Super Sherpa",2009
"Kawasaki","Vulcan 1600 Classic",2009
"Suzuki","Maruder 125",2009
"Kawasaki","Vulcan 500 LTD",2008
"Honda","CRF 230 L",2008
"Honda","VTX1300C",2009
"Kawasaki","ER-6n",2009
"Suzuki","Ozark 250",2009
"Suzuki","SV650SF",2008
"Suzuki","Sixteen 125",2009
"Suzuki","SV650SF ABS",2009
"Kawasaki","Ninja ZX-14 Monster Energy",2009
"Honda","Gold Wing Airbag",2009
"Honda","CBR1000RR Fireblade ABS",2009
"Suzuki","Burgman 650 Exec",2008
"Kawasaki","KLX140L",2008
"Honda","Forza X",2009
"Suzuki","Boulevard C50 Special Edition",2009
"Honda","Shadow Aero",2009
"Honda","CBR125",2009
"Kawasaki","Vulcan 1600 Mean Streak",2008
"Suzuki","QuadSport Z250",2009
"Suzuki","KingQuad 500AXi Power Steering",2009
"Suzuki","DR200SE",2008
"Suzuki","DR-Z400SM",2008
"Kawasaki","Brute Force 650 4x4 Camo",2009
"Suzuki","Burgman 650",2008
"Kawasaki","KLX 450R",2008
"Kawasaki","Versys",2008
"Honda","FourTrax Foreman Rubicon",2009
"Kawasaki","ER-6f",2008
"Honda","XR650L",2009
"Suzuki","GSX-R1000",2009
"Honda","TRX400X",2009
"Suzuki","RM250",2008
"Suzuki","Boulevard M50 Special Edition",2009
"Kawasaki","VN 1700 Voyager",2009
"Honda","SH125i",2009
"Kawasaki","Prairie 360 4x4 Camo",2009
"Kawasaki","Brute Force 750 4x4i",2009
"Ducati","Streetfighter",2009
"Honda","ST1300 ABS Pan European",2009
"Suzuki","Boulevard M109R Limited Edition",2009
"Kawasaki","ZZR600",2008
"Suzuki","Boulevard M109R",2008
"Kawasaki","KFX 450R",2009
"Ducati","Monster S2R 800",2007
"Honda","Shadow Ace",1999
